<?xml version="1.0" encoding="UTF-8" ?>
<odoo>
    <data>
        <record id="credit_journal" model="account.journal">
            <field name="name">Opening Balance Journal</field>
            <field name="code">OBJ</field>
            <field name="type">opening_closing</field>
        </record>

        <record id="opening_closing_id" model="account.account">
            <field name="name">Opening Expense</field>
            <field name="code">757575</field>
            <field name="account_type">expense</field>
        </record>

        <record id="opening_income_id" model="account.account">
            <field name="name">Opening Income</field>
            <field name="code">757576</field>
            <field name="account_type">income_other</field>
        </record>


    </data>
</odoo>