id,name,model_id/id,group_id/id,perm_read,perm_write,perm_create,perm_unlink
access_loan_request_manager,loan.request,model_loan_request,partner_loan_management.partner_loan_manager,1,1,1,1
access_loan_request_user,loan.request,model_loan_request,partner_loan_management.loan_management_user,1,1,1,0
access_loan_proof_manager,loan.proof,model_loan_proof,partner_loan_management.partner_loan_manager,1,1,1,1
access_loan_proof_user,loan.proof,model_loan_proof,partner_loan_management.loan_management_user,1,0,0,0
access_loan_types_manager,loan.types,model_loan_types,partner_loan_management.partner_loan_manager,1,1,1,1
access_loan_types_user,loan.types,model_loan_types,partner_loan_management.loan_management_user,1,0,0,0
access_loan_installment_manager,loan.installment,model_loan_installment,partner_loan_management.partner_loan_manager,1,1,1,1
access_loan_installment_user,loan.installment,model_loan_installment,partner_loan_management.loan_management_user,1,0,0,0
access_loan_pdf,loan.pdf,model_loan_pdf,partner_loan_management.partner_loan_manager,1,1,1,1
access_loan_register_payment_manager,loan.register.payment,model_loan_register_payment,partner_loan_management.partner_loan_manager,1,1,1,1
access_loan_register_payment_user,loan.register.payment,model_loan_register_payment,partner_loan_management.loan_management_user,1,1,1,0
access_loan_partner_manager,loan.partner.payment,model_loan_partner,partner_loan_management.partner_loan_manager,1,1,1,1
access_loan_partner_user,loan.partner.payment,model_loan_partner,partner_loan_management.loan_management_user,1,1,1,0