<odoo>
    <record model="ir.module.category" id="partner_loan_management">
        <field name="name">Loan Management</field>
        <field name="description">Manager Approval for partner loan
        </field>
        <field name="sequence">20</field>
    </record>

    <record id="loan_management_user" model="res.groups">
        <field name="name">Users</field>
        <field name="category_id" ref="partner_loan_management"/>
    </record>
    <record id="partner_loan_manager" model="res.groups">
        <field name="name">Loan Manager</field>
        <field name="category_id" ref="partner_loan_management"/>
        <field name="implied_ids"
               eval="[(4, ref('loan_management_user'))]"/>
    </record>
    <record id="current_user_rule" model="ir.rule">
    <field name="name">Current User Rule</field>
    <field name="model_id" ref="model_loan_request"/>
    <field name="domain_force">[('partner_id.id', '=',user.partner_id.id)]</field>
    <field name="groups"
           eval="[(4,ref('partner_loan_management.loan_management_user'))]"/>
</record>

<record id="loan_manager_rule1" model="ir.rule">
    <field name="name">All loans For Manager</field>
    <field ref="model_loan_request" name="model_id"/>
    <field name="domain_force">[(1,'=',1)]</field>
    <field name="groups"
           eval="[(4,ref('partner_loan_management.partner_loan_manager'))]"/>
</record>
</odoo>
