<odoo>
<data noupdate="1">
    <record id="ir_cron_scheduler_schedule_action" model="ir.cron">
        <field name="name">Email Reports Queue Jobs</field>
        <field name="model_id" ref="model_email_queue_jobs"/>
        <field name="state">code</field>
        <field name="code">model.action_schedule_jobs()</field>
        <field name="user_id" ref="base.user_root"/>
        <field name="interval_number">1</field>
        <field name="interval_type">days</field>
        <field name="numbercall">-1</field>
    </record>
</data>
</odoo>