<?xml version="1.0" encoding="UTF-8"?>
<templates id="template" xml:space="preserve">
    <t t-name="draggable" t-inherit="web.Dialog" t-inherit-mode="extension" owl="1">
        <xpath expr="//div[hasclass('modal-content')]" position="replace">
        <div class="o_dialog" t-att-id="id" t-att-class="{ o_inactive_modal: !data.isActive }">
            <div role="dialog" class="modal d-block"
                tabindex="-1"
                t-att-class="{ o_technical_modal: props.technical, o_modal_full: isFullscreen }"
                t-ref="modalRef"
                >
                <div class="modal-dialog" t-attf-class="modal-{{props.size}}">
                    <div class="modal-content" t-att-class="props.contentClass">
                        <header t-if="props.header" class="modal-header">
                            <t t-if="isFullscreen">
                                <button class="btn fa fa-arrow-left" data-bs-dismiss="modal" aria-label="Close" t-on-click="data.close" />
                            </t>
                            <h4 class="modal-title text-break">
                                <t t-esc="props.title"/>
                            </h4>
                            <t t-if="!isFullscreen">
                                <button type="button" class="btn-close" aria-label="Close" tabindex="-1" t-on-click="data.close"></button>
                            </t>
                        </header>
                        <!-- FIXME: WOWL there is a bug on t-portal on owl, in which t-portal don't work on multinode.
                        To avoid this we place the footer before the body -->
                        <footer t-if="props.footer" class="modal-footer justify-content-around justify-content-sm-start flex-wrap gap-1" style="order:2">
                            <t t-slot="footer" close="data.close">
                                <button class="btn btn-primary o-default-button" t-on-click="data.close">
                                    <t>Ok</t>
                                </button>
                                <span>arjun</span>
                            </t>
                        </footer>
                        <main class="modal-body" t-attf-class="{{ props.bodyClass }} {{ !props.withBodyPadding ? 'p-0': '' }}">
                            <t t-slot="default" close="data.close" />
                        </main>

                    </div>
                </div>
            </div>
        </div>
        </xpath>
    </t>
</templates>